City_ID,City,Lat,Lng,Max Temp,Humidity,Cloudiness,Wind Speed,Country,Date
0,port alfred,-33.5906,26.891,14.54,81,57,1.79,ZA,1698036258
1,surat thani,9.1667,99.25,31.23,87,20,6.71,TH,1698036259
2,karratha,-20.7377,116.8463,36.61,20,42,4.97,AU,1698036259
3,port-aux-francais,-49.35,70.2167,1.88,75,90,12.71,TF,1698036260
4,bredasdorp,-34.5322,20.0403,15.49,73,100,2.33,ZA,1698036260
5,talnakh,69.4865,88.3972,-1.55,89,100,6.23,RU,1698036261
6,grytviken,-54.2811,-36.5092,-0.5,83,22,4.69,GS,1698036067
7,blackmans bay,-43.0167,147.3167,19.18,66,71,1.79,AU,1698036262
8,tiksi,71.6872,128.8694,-8.85,97,100,2.57,RU,1698036263
9,kone,-21.0595,164.8658,25.99,53,49,4.26,NC,1698036263
10,st. john's,47.5649,-52.7093,8.87,96,100,6.17,CA,1698036143
11,anadyr,64.75,177.4833,4.28,100,40,10.0,RU,1698036265
12,margaret river,-33.95,115.0667,16.56,47,88,6.8,AU,1698036265
13,rikaze,29.25,88.8833,7.92,22,0,1.08,CN,1698036266
14,north logan,41.7694,-111.8047,17.54,48,94,0.45,US,1698036266
15,petropavlovsk-kamchatsky,53.0452,158.6483,7.33,53,40,4.0,RU,1698036267
16,kishorganj,24.4333,90.7667,27.62,71,100,1.75,BD,1698036268
17,prado,-17.3411,-39.2208,22.42,83,100,3.6,BR,1698036268
18,puerto armuelles,8.2833,-82.8667,27.27,72,100,2.24,PA,1698036131
19,puerto natales,-51.7236,-72.4875,2.25,87,20,2.57,CL,1698036269
20,adamstown,-25.066,-130.1015,22.84,80,32,4.45,PN,1698036270
21,klyuchi,52.2667,79.1667,1.62,64,100,12.2,RU,1698036270
22,inhambane,-23.865,35.3833,22.99,88,75,5.36,MZ,1698036271
23,port shepstone,-30.7414,30.455,16.43,67,2,2.02,ZA,1698036271
24,boguchany,58.3814,97.4531,5.6,55,98,4.45,RU,1698036272
25,katsuura,35.1333,140.3,20.5,52,91,2.94,JP,1698036273
26,hammerfest,70.6634,23.6821,0.25,69,40,3.09,NO,1698036273
27,isla mujeres,21.2311,-86.731,24.03,71,57,4.34,MX,1698036274
28,qianzhou,28.3167,109.7167,26.13,38,21,1.19,CN,1698036274
29,iqaluit,63.7506,-68.5145,-5.15,67,75,4.12,CA,1698036275
30,edinburgh of the seven seas,-37.0676,-12.3116,12.48,71,88,3.88,SH,1698036275
31,lulea,65.5842,22.1547,-8.96,92,20,3.6,SE,1698036276
32,perry,37.2506,-83.1999,9.4,82,3,1.01,US,1698036180
33,puerto ayora,-0.7393,-90.3518,23.23,84,93,4.66,EC,1698036277
34,papatowai,-46.5619,169.4708,11.82,67,88,3.91,NZ,1698036277
35,waitangi,-43.9535,-176.5597,11.01,70,89,0.89,NZ,1698036278
36,ushuaia,-54.8,-68.3,5.81,70,0,1.03,AR,1698036239
37,igarka,67.4667,86.5833,-1.57,88,89,3.9,RU,1698036279
38,garmisch-partenkirchen,47.4921,11.0958,11.04,96,68,2.56,DE,1698036280
39,al wakrah,24.85,51.3333,26.05,45,0,2.06,QA,1698036281
40,usogorsk,63.4106,48.6872,-0.89,83,100,4.41,RU,1698036281
41,isafjordur,66.0755,-23.124,3.47,80,99,1.46,IS,1698036282
42,nchelenge,-9.3451,28.734,23.67,68,29,2.85,ZM,1698036282
43,vorkuta,67.5,64.0,-11.72,95,75,1.79,RU,1698036283
44,avarua,-21.2078,-159.775,25.03,94,75,2.06,CK,1698036284
45,la'ie,21.6477,-157.9253,26.98,75,39,0.45,US,1698036284
46,lebu,-37.6167,-73.65,9.3,88,3,5.95,CL,1698036286
47,saldanha,-33.0117,17.9442,11.03,80,97,2.71,ZA,1698036286
48,hawaiian paradise park,19.5933,-154.9731,25.73,86,0,3.6,US,1698036287
49,batang,-6.4846,110.7083,30.67,61,76,4.66,ID,1698036287
50,baukau,51.5526,7.2042,11.09,85,23,1.69,DE,1698036288
51,ancud,-41.8697,-73.8203,7.44,90,2,0.37,CL,1698036289
52,fortaleza,-3.7227,-38.5247,28.37,71,40,5.66,BR,1698036169
53,omutinskiy,56.4745,67.6709,-0.83,77,96,7.72,RU,1698036290
54,oranjemund,-28.55,16.4333,15.52,88,38,3.15,NA,1698036291
55,fort mcmurray,56.7268,-111.381,-4.23,63,100,3.09,CA,1698036291
56,egilsstadir,65.2653,-14.3948,3.95,93,100,1.03,IS,1698036292
57,albany,42.6001,-73.9662,6.23,78,100,2.68,US,1698036249
58,severnoye,56.3491,78.3619,-1.01,79,100,8.04,RU,1698036293
59,stanley,54.868,-1.6985,-0.99,100,0,1.03,GB,1698036293
60,chonchi,-42.6128,-73.8092,5.62,95,12,1.75,CL,1698036294
61,olonkinbyen,70.9221,-8.7187,3.24,89,100,5.61,SJ,1698036294
62,chamba,32.5667,76.1333,22.53,37,2,2.22,IN,1698036295
63,kiiminki,65.1314,25.7974,-4.57,100,55,1.43,FI,1698036295
64,afaahiti,-17.75,-149.2833,26.93,84,29,5.84,PF,1698036296
65,dunedin,-45.8742,170.5036,11.67,80,79,5.69,NZ,1698036297
66,kincardine,56.0667,-3.7167,4.21,91,77,1.44,GB,1698036297
67,kismayo,-0.3582,42.5454,27.75,74,9,3.07,SO,1698036298
68,korpilahti,62.0167,25.55,0.62,98,100,1.34,FI,1698036298
69,cristalina,-16.7686,-47.6136,20.87,50,92,2.54,BR,1698036299
70,yulinshi,38.2906,109.7494,18.4,17,55,3.95,CN,1698036299
71,harstad,68.799,16.5293,-0.21,87,11,6.26,NO,1698036300
72,laibin,23.7,109.2667,23.89,70,94,1.26,CN,1698036300
73,datong,40.0936,113.2914,18.21,22,37,5.19,CN,1698036301
74,zabol,32.25,67.25,16.16,27,0,2.95,AF,1698036301
75,yellowknife,62.456,-114.3525,-5.33,96,100,7.2,CA,1698036072
76,paidha,2.4167,30.9855,18.63,91,100,0.89,UG,1698036303
77,la sarre,48.8002,-79.1996,-1.06,86,9,1.65,CA,1698036303
78,port elizabeth,-33.918,25.5701,15.73,76,0,7.2,ZA,1698036304
79,hailar,49.2,119.7,12.94,27,0,5.77,CN,1698036304
80,carnarvon,-24.8667,113.6333,24.38,46,2,7.64,AU,1698036305
81,nova sintra,14.8667,-24.7167,23.76,76,43,1.76,CV,1698036305
82,bethel,41.3712,-73.414,7.49,76,0,2.06,US,1698036306
83,kirakira,-10.4544,161.9205,28.42,72,71,0.29,SB,1698036307
84,mugia,43.1041,-9.2179,13.42,82,100,2.69,ES,1698036308
85,wailua homesteads,22.0669,-159.378,26.24,84,100,6.69,US,1698036308
86,whitehorse,60.7161,-135.0538,-7.88,65,100,3.09,CA,1698036309
87,ribeira grande,38.5167,-28.7,18.76,78,92,1.34,PT,1698036309
88,ilhabela,-23.7781,-45.3581,20.88,92,95,4.01,BR,1698036310
89,moose jaw,50.4001,-105.5344,6.14,87,100,4.63,CA,1698036310
90,tsiombe,-25.3,45.4833,24.8,49,31,4.82,MG,1698036311
91,flying fish cove,-10.4217,105.6791,28.82,69,22,4.12,CX,1698036312
92,codrington,-38.2667,141.9667,15.46,57,31,4.89,AU,1698036312
93,thompson,55.7435,-97.8558,-5.91,86,0,2.57,CA,1698036313
94,kodiak,57.79,-152.4072,2.73,65,0,3.6,US,1698036313
95,keflavik,64.0049,-22.5624,4.24,75,75,1.54,IS,1698036314
96,ke-macina,13.9623,-5.3572,29.36,34,84,2.26,ML,1698036315
97,kingston,17.997,-76.7936,28.53,83,20,2.06,JM,1698036161
98,lompoc,34.6391,-120.4579,18.21,87,100,6.71,US,1698036316
99,daru,-9.0763,143.2092,27.05,58,54,4.36,PG,1698036317
100,haiku-pauwela,20.9219,-156.3051,24.59,90,40,2.24,US,1698036318
101,walvis bay,-22.9575,14.5053,12.83,93,0,3.6,NA,1698036318
102,shimoda,34.6667,138.95,20.2,52,72,1.24,JP,1698036319
103,visby,57.6409,18.296,9.46,100,100,2.06,SE,1698036319
104,dudinka,69.4058,86.1778,-1.32,89,96,4.15,RU,1698036320
105,nikolayevsk-on-amure,53.1406,140.73,4.49,49,82,5.93,RU,1698036320
106,mohammedia,33.7066,-7.3944,19.4,100,40,5.14,MA,1698036321
107,great falls,47.5002,-111.3008,7.25,86,75,2.06,US,1698036198
108,lihue,21.9789,-159.3672,26.58,85,100,6.69,US,1698036105
109,champerico,14.3,-91.9167,25.89,85,94,2.17,GT,1698036322
110,badger,64.8,-147.5333,-3.34,91,40,1.54,US,1698036323
111,montrose,38.4166,-108.2673,9.18,33,27,3.43,US,1698036318
112,wetherby,53.9284,-1.3867,8.13,95,100,1.03,GB,1698036324
113,pokhara,28.2333,83.9833,24.24,36,18,1.69,NP,1698036325
114,christchurch,-43.5333,172.6333,16.97,69,57,8.23,NZ,1698036160
115,priob'ye,62.5206,65.5964,-0.61,63,69,6.9,RU,1698036326
116,conde,-7.2597,-34.9075,23.7,88,20,2.06,BR,1698036327
117,ca mau,9.1769,105.15,32.26,58,99,2.28,VN,1698036327
118,albardon,-31.4372,-68.5256,20.24,57,61,6.88,AR,1698036328
119,saipan,15.1355,145.701,31.39,74,20,8.23,MP,1698036190
120,hamilton,39.1834,-84.5333,6.65,89,0,1.54,US,1698036329
121,sao raimundo nonato,-9.0153,-42.6994,26.68,51,79,4.05,BR,1698036330
122,svetlyy,54.675,20.1347,12.03,87,100,7.03,RU,1698036330
123,harper,4.375,-7.7169,25.07,89,67,2.69,LR,1698036039
124,hastings,50.8552,0.5729,14.4,50,86,5.56,GB,1698036331
125,kuressaare,58.2481,22.5039,6.64,99,100,2.06,EE,1698036332
126,colonia,50.9333,6.95,10.53,93,0,1.03,DE,1698036220
127,canutama,-6.5339,-64.3831,25.15,78,100,1.34,BR,1698036333
128,natchez,31.5604,-91.4032,18.12,88,0,2.06,US,1698036187
129,bria,6.5423,21.9863,21.4,84,33,0.88,CF,1698036334
130,fortuna,40.5982,-124.1573,14.4,95,100,3.6,US,1698036335
131,hami,42.8,93.45,18.08,19,4,1.53,CN,1698036336
132,benalla,-36.55,145.9833,17.7,54,45,3.65,AU,1698036336
133,kolonia town,6.964,158.206,33.0,66,75,3.6,FM,1698036337
134,ingeniero jacobacci,-41.3427,-69.5448,11.81,74,81,3.75,AR,1698036337
135,port mathurin,-19.6833,63.4167,24.64,79,5,5.4,MU,1698036338
136,olyokminsk,60.3736,120.4264,2.27,67,95,5.64,RU,1698036338
137,sarakhs,36.5449,61.1577,20.68,32,58,1.8,IR,1698036339
138,letterkenny,54.95,-7.7333,6.7,92,100,1.5,IE,1698036339
139,suva,-18.1416,178.4415,24.71,83,75,3.09,FJ,1698036193
140,kapuskasing,49.4169,-82.4331,-1.0,86,20,2.06,CA,1698036341
141,shanwei,22.782,115.3475,27.04,67,48,2.66,CN,1698036341
142,revda,56.801,59.9303,-1.48,73,100,5.84,RU,1698036342
143,as sulayyil,20.4607,45.5779,23.14,27,2,2.65,SA,1698036342
144,kronstadt,45.6486,25.6061,13.35,91,92,3.58,RO,1698036343
145,shaowu,27.3409,117.4831,25.59,62,27,0.8,CN,1698036343
146,laurel,39.0993,-76.8483,10.96,61,0,5.66,US,1698036098
147,khorinsk,52.1657,109.7726,8.13,30,14,2.78,RU,1698036344
148,banda aceh,5.5577,95.3222,28.52,70,100,2.48,ID,1698036345
149,akureyri,65.6835,-18.0878,0.96,93,75,0.0,IS,1698036345
150,luderitz,-26.6481,15.1594,14.97,86,18,0.44,NA,1698036346
151,dryden,49.7833,-92.7503,8.16,100,100,3.09,CA,1698036347
152,susuman,62.7833,148.1667,-11.4,96,91,0.57,RU,1698036347
153,kaoma,-14.7833,24.8,22.77,50,39,1.37,ZM,1698036348
154,tangalle,6.024,80.7911,25.09,91,100,4.66,LK,1698036348
155,ryotsu-minato,38.0833,138.4333,18.33,62,93,1.5,JP,1698036349
156,georgetown,5.4112,100.3354,30.97,69,20,2.68,MY,1698036170
157,fort bragg,35.139,-79.006,13.23,74,0,1.54,US,1698036350
158,fale old settlement,-9.3852,-171.2468,29.04,70,33,4.25,TK,1698036350
159,grand-bassam,5.2118,-3.7388,25.98,89,100,2.53,CI,1698036351
160,meadow lake,34.8014,-106.5436,20.56,36,1,4.05,US,1698036351
161,alik ghund,30.4896,67.5226,14.96,27,0,4.3,PK,1698036352
162,painesville,41.7245,-81.2457,9.83,76,0,0.0,US,1698036353
163,ylitornio,66.3089,23.6773,-6.84,94,55,1.6,FI,1698036353
164,la manga del mar menor,37.6413,-0.7165,18.88,86,62,2.06,ES,1698036354
165,ilulissat,69.2167,-51.1,-5.99,68,0,4.12,GL,1698036355
166,tazovsky,67.4667,78.7,-2.87,91,100,6.43,RU,1698036355
167,smirnykh,49.75,142.8333,5.48,48,48,5.59,RU,1698036356
168,kilindoni,-7.9139,39.6668,26.84,69,48,3.9,TZ,1698036356
169,vorgashor,67.5833,63.95,-12.33,95,75,1.89,RU,1698036357
170,vilyuchinsk,52.9306,158.4028,8.15,81,78,3.17,RU,1698036357
171,loum,4.7182,9.7351,22.96,99,100,0.43,CM,1698036358
172,argo,37.6333,22.7333,18.21,43,24,1.63,GR,1698036359
173,nagqu,31.5,92.0,4.0,36,54,3.46,CN,1698036359
174,acarau,-2.8856,-40.12,25.77,79,49,7.42,BR,1698036360
175,poronaysk,49.2167,143.1167,6.71,45,66,7.06,RU,1698036360
176,awjilah,29.1081,21.2869,22.16,29,0,2.12,LY,1698036361
177,kizel,59.0471,57.6477,-0.43,90,100,0.89,RU,1698036361
178,ocean pines,38.3954,-75.1557,9.45,77,0,2.06,US,1698036362
179,tura,25.5198,90.2201,26.49,66,100,0.47,IN,1698036362
180,pyt-yakh,60.7499,72.8582,-0.8,74,66,4.6,RU,1698036363
181,broome,42.2506,-75.833,5.95,93,100,4.12,US,1698036364
182,hithadhoo,-0.6,73.0833,27.48,66,81,4.06,MV,1698036365
183,punta arenas,-53.15,-70.9167,3.06,87,20,3.6,CL,1698036130
184,san patricio,28.017,-97.5169,26.91,80,42,5.08,US,1698036366
185,cidreira,-30.1811,-50.2056,18.64,93,95,5.76,BR,1698036366
186,west island,-12.1568,96.8225,27.99,65,75,5.66,CC,1698036367
187,novopodrezkovo,55.9428,37.3467,3.26,93,75,3.13,RU,1698036367
188,adam,22.3756,57.5233,27.52,50,100,1.17,OM,1698036368
189,crane,31.3974,-102.3501,21.84,72,100,8.85,US,1698036368
190,raduzhny,62.0961,77.475,-1.3,79,38,3.88,RU,1698035857
191,kyshtovka,56.555,76.6271,-0.81,81,69,7.12,RU,1698036370
192,squamish,49.7014,-123.1512,12.14,87,17,0.51,CA,1698036370
193,uturoa,-16.7333,-151.4333,26.87,82,51,6.61,PF,1698036371
194,sokol,59.4617,40.1206,-0.18,98,100,1.31,RU,1698036371
195,chinchilla,-26.75,150.6333,35.21,13,0,5.43,AU,1698036372
196,turiacu,-1.6633,-45.3717,24.3,92,41,2.26,BR,1698036372
197,qaqortoq,60.7167,-46.0333,2.33,61,100,2.73,GL,1698036373
198,misratah,32.3754,15.0925,22.93,77,1,5.41,LY,1698036373
199,mejit,10.2753,170.8646,26.63,82,100,6.71,MH,1698036374
200,puerto baquerizo moreno,-0.9,-89.6,23.3,82,91,5.71,EC,1698036375
201,portage la prairie,49.9728,-98.2926,10.62,55,100,4.93,CA,1698036375
202,el calafate,-50.3408,-72.2768,6.39,78,3,1.77,AR,1698036376
203,xiva,41.3783,60.3639,6.99,59,2,3.16,UZ,1698036376
204,san salvador de jujuy,-24.1946,-65.2971,25.74,59,91,1.69,AR,1698036377
205,howrah,22.5892,88.3103,30.0,70,75,4.12,IN,1698036377
206,mbanza-ngungu,-5.25,14.8667,21.15,94,100,1.31,CD,1698036378
207,tabou,4.423,-7.3528,24.7,92,70,2.55,CI,1698036378
208,longyearbyen,78.2186,15.6401,-11.09,79,0,5.14,SJ,1698036379
209,aracati,-4.5617,-37.7697,25.16,77,98,4.89,BR,1698036380
210,nemuro,43.3236,145.575,11.73,59,49,5.19,JP,1698036380
211,katsuren-haebaru,26.3369,127.8719,29.21,59,75,6.69,JP,1698036381
212,tual,-5.6667,132.75,26.84,76,8,4.09,ID,1698036381
213,cozumel,20.5083,-86.9458,24.04,88,20,0.0,MX,1698036149
214,moyale,3.5167,39.0584,21.75,73,62,3.1,KE,1698036382
215,iskateley,67.6803,53.1512,-0.69,98,100,3.27,RU,1698036383
216,kutum,14.2,24.6667,20.53,21,5,3.24,SD,1698036383
217,zaozersk,69.4005,32.4476,-0.66,87,100,5.64,RU,1698036384
218,inari,68.906,27.0288,-4.89,94,28,1.42,FI,1698036384
219,tralee,52.2704,-9.7026,9.82,95,100,3.38,IE,1698036385
220,nema,57.5067,50.5011,-0.34,72,99,3.46,RU,1698036386
221,mount gambier,-37.8333,140.7667,20.14,37,59,1.93,AU,1698036386
222,phek,25.6667,94.5,13.53,96,100,0.79,IN,1698036387
223,acapulco de juarez,16.8634,-99.8901,26.9,89,40,1.03,MX,1698036387
224,aasiaat,68.7098,-52.8699,-13.9,81,42,2.67,GL,1698036388
225,aden,12.7794,45.0367,28.75,69,24,3.75,YE,1698036388
226,velletri,41.6692,12.7793,16.86,76,11,2.04,IT,1698036389
227,mana,5.6592,-53.7767,26.03,92,73,4.02,GF,1698036389
228,el granada,37.5027,-122.4694,17.57,93,100,2.57,US,1698036390
229,sinabang,2.4803,96.3801,26.49,78,98,0.48,ID,1698036390
230,falkenberg,56.9055,12.4912,10.08,100,72,4.09,SE,1698036391
231,urangan,-25.3,152.9,23.37,72,0,7.9,AU,1698036392
232,ola,59.5833,151.2833,2.78,81,100,6.06,RU,1698036392
233,smithers,54.7804,-127.1743,-0.82,86,75,1.03,CA,1698036393
234,dese,11.1333,39.6333,14.73,64,35,1.11,ET,1698036393
235,arkhangel'sk,64.5401,40.5433,-1.76,86,67,1.37,RU,1698036394
236,port isabel,26.0734,-97.2086,27.23,81,75,6.69,US,1698036394
237,la rinconada,37.4873,-5.9826,14.47,95,75,0.51,ES,1698036395
238,bend,44.0582,-121.3153,11.32,73,100,0.89,US,1698036395
239,bathsheba,13.2167,-59.5167,28.34,83,20,4.63,BB,1698036396
240,ixtapa,20.7,-105.2,27.57,78,20,1.54,MX,1698035541
241,hajjah,15.6943,43.6058,20.9,31,2,3.66,YE,1698036397
242,la ronge,55.1001,-105.2842,-1.86,59,75,4.12,CA,1698036398
243,chom bueng,13.62,99.5917,30.56,71,61,2.59,TH,1698036398
244,natal,-5.795,-35.2094,25.36,88,40,4.12,BR,1698036399
245,scottburgh,-30.2867,30.7532,16.55,68,1,2.26,ZA,1698036399
246,turtas,58.9417,69.1325,-1.0,71,99,4.87,RU,1698036400
247,contai,21.7786,87.7536,27.25,76,100,5.48,IN,1698036400
248,vizinga,61.0749,50.1031,-1.4,89,94,4.12,RU,1698036401
249,sechura,-5.5569,-80.8222,21.31,80,33,5.77,PE,1698036402
250,lagoa,39.05,-27.9833,18.54,71,86,6.58,PT,1698036402
251,nuku'alofa,-21.1333,-175.2,24.19,69,75,4.12,TO,1698036403
252,port moresby,-9.4431,147.1797,29.68,62,40,6.17,PG,1698036404
253,pont rouge,48.8833,-72.0825,5.16,83,94,2.79,CA,1698036404
254,peace river,56.2501,-117.286,-8.83,85,75,2.06,CA,1698036405
255,rundu,-17.9333,19.7667,23.96,12,0,3.6,NA,1698036405
256,keetmanshoop,-26.5833,18.1333,16.51,41,0,2.57,NA,1698036406
257,san luis de la loma,17.2706,-100.8939,25.03,88,91,1.71,MX,1698036407
258,galle,6.0367,80.217,25.16,89,100,3.98,LK,1698036407
259,bilibino,68.0546,166.4372,-7.51,94,99,1.09,RU,1698036408
260,tono,39.3167,141.5333,16.46,51,22,4.33,JP,1698036408
261,kalevala,65.2,31.1667,-3.5,92,9,1.59,RU,1698036409
262,rio grande,-32.035,-52.0986,17.75,97,100,3.13,BR,1698036409
263,sarangani,5.4033,125.4636,28.95,69,51,2.55,PH,1698036410
264,floro,61.5996,5.0328,8.98,71,75,2.57,NO,1698036410
265,queenstown,-31.8976,26.8753,10.19,77,88,1.13,ZA,1698036411
266,prince rupert,54.3161,-130.3201,7.83,72,40,6.69,CA,1698036412
267,greater sudbury,46.49,-80.99,-1.46,93,2,1.49,CA,1698036373
268,cabo san lucas,22.8909,-109.9124,27.09,89,39,1.34,MX,1698035735
269,porbandar,21.6422,69.6093,30.99,55,13,1.03,IN,1698036413
270,sanford,28.8006,-81.2731,22.16,83,0,3.6,US,1698036323
271,matamata,-37.8106,175.7624,21.21,76,6,3.95,NZ,1698036414
272,mutuali,-14.8706,37.0044,26.81,42,94,3.21,MZ,1698036415
273,sol'tsy,58.1239,30.3238,3.21,96,100,1.94,RU,1698036415
274,pishin,30.5803,66.9961,19.47,25,0,2.16,PK,1698036416
275,zyryanskoye,56.8306,86.6258,6.87,86,100,6.87,RU,1698036416
276,sarpol-e zahab,34.4611,45.8626,23.02,32,3,0.93,IR,1698036417
277,tofol,5.3248,163.0078,31.88,66,75,1.54,FM,1698036417
278,minas de marcona,-15.2119,-75.1103,14.8,93,100,5.79,PE,1698036418
279,atafu village,-8.5421,-172.5159,29.11,70,59,4.68,TK,1698036418
280,coquimbo,-29.9533,-71.3436,14.85,82,100,2.06,CL,1698036072
281,westport,41.1415,-73.3579,8.9,76,0,2.06,US,1698036307
282,ta`u,-14.2336,-169.5144,27.12,80,78,3.98,AS,1698036420
283,namdrik,5.5994,168.1028,28.93,71,92,1.98,MH,1698036421
284,sao tome,0.3365,6.7273,25.21,92,100,4.82,ST,1698036421
285,trairi,-3.2778,-39.2689,25.3,81,76,4.95,BR,1698036353
286,gangoh,29.7667,77.25,26.85,35,9,2.44,IN,1698036422
287,san julian,21.0167,-102.1667,14.65,63,92,2.82,MX,1698036423
288,bonny,4.4522,7.1681,24.47,91,100,2.45,NG,1698036423
289,udachny,66.4167,112.4,-3.64,92,100,1.35,RU,1698036424
290,urumqi,43.801,87.6005,16.53,29,0,2.0,CN,1698036323
291,charters towers,-20.1,146.2667,36.43,16,6,2.14,AU,1698036425
292,chinoz,40.9364,68.7697,17.76,57,100,3.36,UZ,1698036203
293,verkhnevilyuysk,63.4453,120.3167,0.3,92,100,2.51,RU,1698036426
294,nizhnesortymskiy,62.4397,71.7603,-2.47,83,35,7.13,RU,1698036427
295,sussex,41.1834,-74.6663,7.58,75,100,2.68,US,1698035762
296,auki,-8.7676,160.7034,27.43,82,67,1.79,SB,1698036428
297,yinzhu,35.8786,119.9753,20.35,36,38,5.11,CN,1698036428
298,kyaikto,17.3,97.0167,29.71,69,42,2.33,MM,1698036429
299,acapetahua,15.2833,-92.7,24.05,92,95,1.67,MX,1698036429
300,villa regina,-39.1,-67.0667,17.67,57,99,3.13,AR,1698036430
301,les avirons,-21.2418,55.3394,26.32,57,0,3.09,RE,1698036430
302,college,64.8569,-147.8028,-3.29,89,100,1.54,US,1698036431
303,tateyama,34.9833,139.8667,19.08,51,76,1.73,JP,1698036431
304,gadzhiyevo,69.2551,33.3362,1.01,77,100,8.87,RU,1698036432
305,ceeldheer,3.8488,47.1806,28.14,74,36,4.41,SO,1698036433
306,richards bay,-28.783,32.0377,18.06,65,96,4.58,ZA,1698035894
307,saint-pierre,-21.3393,55.4781,28.09,57,0,3.09,RE,1698036434
308,utrik,11.2278,169.8474,25.93,87,100,8.27,MH,1698036434
309,xining,36.6167,101.7667,11.3,36,0,0.92,CN,1698036435
310,praia da vitoria,38.7333,-27.0667,17.09,94,20,4.58,PT,1698036435
311,new norfolk,-42.7826,147.0587,19.84,53,73,2.88,AU,1698036436
312,zhezqazghan,47.7833,67.7667,-0.68,69,75,3.0,KZ,1698036436
313,mto wa mbu,-3.35,35.85,23.03,57,33,2.75,TZ,1698036437
314,forster,-32.1667,152.5167,22.38,52,0,4.59,AU,1698036438
315,port lincoln,-34.7333,135.8667,20.99,49,91,8.01,AU,1698036438
316,aracuai,-16.8497,-42.0703,22.55,80,96,2.27,BR,1698036439
317,mccordsville,39.9081,-85.9228,5.92,88,0,0.0,US,1698036301
318,cabedelo,-6.9811,-34.8339,24.37,82,99,5.77,BR,1698036440
319,charleston,32.7766,-79.9309,16.12,80,0,1.54,US,1698036438
320,manokwari,-0.8667,134.0833,28.0,79,81,1.67,ID,1698036441
321,dinguiraye,11.3,-10.7167,21.53,90,85,1.42,GN,1698036442
322,canchungo,12.0672,-16.0333,25.32,89,100,2.02,GW,1698036442
323,constantia,44.1833,28.65,14.38,61,7,3.61,RO,1698036246
324,alofi,-19.0595,-169.9187,23.94,88,75,2.57,NU,1698036443
325,bahce,37.1972,36.5766,19.97,43,30,2.28,TR,1698036444
326,menongue,-14.6585,17.691,20.93,60,100,2.39,AO,1698036218
327,wanning,18.8003,110.3967,25.78,91,100,5.75,CN,1698036445
328,howard springs,-12.497,131.047,32.95,46,28,5.57,AU,1698036446
329,anloga,5.7947,0.8973,27.02,84,87,5.08,GH,1698036446
330,mahanoro,-19.9,48.8,26.31,66,10,5.95,MG,1698036447
331,tamanrasset,22.785,5.5228,20.95,19,0,2.57,DZ,1698036447
332,roma,43.2128,-75.4557,5.6,91,100,5.66,US,1698036448
333,yeppoon,-23.1333,150.7333,34.88,60,2,7.34,AU,1698036448
334,lerwick,60.1545,-1.1494,10.0,70,19,4.2,GB,1698036449
335,geraldton,-28.7667,114.6,22.23,40,65,9.26,AU,1698036440
336,kununurra,-15.7667,128.7333,38.99,22,0,7.72,AU,1698036450
337,murzuq,25.9155,13.9184,24.7,18,100,3.14,LY,1698036451
338,vila franca do campo,37.7167,-25.4333,16.6,99,64,2.24,PT,1698036451
339,bubaque,11.2833,-15.8333,28.79,72,100,2.97,GW,1698036452
340,vila velha,-20.3297,-40.2925,19.97,97,100,1.54,BR,1698036452
341,mar del plata,-38.0023,-57.5575,14.01,99,100,3.09,AR,1698036453
342,waddan,29.1614,16.139,22.8,46,0,2.63,LY,1698036453
343,porto novo,6.4965,2.6036,25.78,88,100,1.84,BJ,1698036187
344,sterling,39.0062,-77.4286,10.64,62,0,3.6,US,1698036454
345,fada,9.5667,8.3,19.75,48,100,0.99,NG,1698036455
346,francistown,-21.17,27.5079,19.68,74,17,7.61,BW,1698036456
347,troitskiy,57.0603,63.7481,-0.09,66,95,5.58,RU,1698036456
348,olinda,-8.0089,-34.8553,25.85,73,40,4.12,BR,1698036442
349,arraial do cabo,-22.9661,-42.0278,20.93,80,75,7.69,BR,1698036457
350,invercargill,-46.4,168.35,14.45,63,99,2.24,NZ,1698036458
351,vilyuysk,63.7553,121.6247,-0.77,95,100,0.73,RU,1698036458
352,broken hill,-31.95,141.4333,24.84,17,0,3.03,AU,1698036459
353,sotik post,-0.7813,35.3416,17.17,71,22,1.92,KE,1698036459
354,pama,11.2497,0.7075,23.96,43,46,0.93,BF,1698036460
355,fort-shevchenko,44.5086,50.263,8.82,57,0,5.06,KZ,1698036461
356,umluj,25.0213,37.2685,29.0,59,22,2.03,SA,1698036461
357,kapit,2.0167,112.9333,29.81,67,97,0.67,MY,1698036462
358,kourou,5.1552,-52.6478,27.03,91,92,3.85,GF,1698036463
359,merritt,50.1123,-120.7942,9.1,69,34,0.39,CA,1698036463
360,miguel pereira,-22.4539,-43.4689,14.96,95,64,1.73,BR,1698036464
361,palangkaraya,-2.2,113.8333,34.76,48,61,0.69,ID,1698036464
362,kargil,34.5667,76.1,3.02,50,47,0.75,IN,1698036465
363,rawson,-43.3002,-65.1023,10.67,70,100,3.76,AR,1698036465
364,zhigalovo,54.8097,105.1578,6.25,39,81,2.62,RU,1698036466
365,bikenibeu village,1.3673,173.1241,28.98,84,75,1.54,KI,1698036467
366,mount isa,-20.7333,139.5,36.87,9,0,2.57,AU,1698036468
367,saurimo,-9.6608,20.3916,19.78,85,99,1.02,AO,1698036469
368,polyarnyy,69.1989,33.4478,1.13,78,100,8.75,RU,1698036469
369,pacific grove,36.6177,-121.9166,16.35,92,100,2.06,US,1698036470
370,rongelap,11.1635,166.8941,27.04,84,100,8.83,MH,1698036470
371,okhotsk,59.3833,143.3,-1.95,76,31,6.74,RU,1698036471
372,port douglas,-16.4833,145.4667,25.73,60,2,2.37,AU,1698036471
373,mukalla,14.5425,49.1242,30.91,43,96,1.16,YE,1698036176
374,mossel bay,-34.1831,22.146,13.96,70,97,2.13,ZA,1698036472
375,zouerate,22.7187,-12.4521,21.39,77,0,3.8,MR,1698036473
376,sorong,-0.8833,131.25,29.87,68,13,5.93,ID,1698036473
377,kuala belait,4.5833,114.1833,31.09,78,27,2.67,BN,1698036474
378,las heras,-46.5419,-68.9359,8.33,55,26,4.98,AR,1698036475
379,lospalos,-8.5186,127.0025,30.93,37,36,4.82,TL,1698036475
380,east london,-33.0153,27.9116,12.52,82,0,2.06,ZA,1698036308
381,ohangaron,40.9064,69.6383,13.08,59,100,1.34,UZ,1698036476
382,happy valley-goose bay,53.3168,-60.3315,1.17,60,75,7.2,CA,1698036311
383,kirkland lake,48.1446,-80.0377,-2.84,93,5,0.0,CA,1698036477
384,airuk,7.2772,168.8203,28.3,75,100,2.65,MH,1698036478
385,portland,45.5234,-122.6762,14.76,91,40,4.12,US,1698035832
386,enewetak,11.3474,162.3373,28.85,71,80,4.47,MH,1698036479
387,ust-nera,64.5667,143.2,-7.47,93,100,1.81,RU,1698036479
388,chibougamau,49.9168,-74.3659,-0.21,93,0,2.57,CA,1698036480
389,nar'yan-mar,67.6713,53.087,-0.63,97,100,3.38,RU,1698036480
390,karoi,-16.8099,29.6925,23.74,59,21,2.72,ZW,1698036481
391,khandyga,62.6667,135.6,-6.26,86,100,1.46,RU,1698036482
392,ciudad lazaro cardenas,17.9583,-102.2,25.32,87,100,1.54,MX,1698036482
393,tazacorte,28.629,-17.9293,20.54,56,0,3.6,ES,1698036483
394,santa cruz,-17.8,-63.1667,26.7,54,20,3.09,BO,1698036273
395,axim,4.8699,-2.2405,25.24,90,99,3.0,GH,1698036484
396,mumford,5.2618,-0.759,25.55,88,100,4.57,GH,1698036484
397,sovetskaya gavan',48.9723,140.2878,8.26,32,2,3.42,RU,1698036485
398,las tablas,7.7667,-80.2833,25.53,88,100,0.76,PA,1698036485
399,krosno odrzanskie,52.0549,15.0988,12.06,90,100,2.15,PL,1698036295
400,kayes,14.0,-11.0,26.28,73,92,1.11,ML,1698036486
401,mindelo,16.8901,-24.9804,25.75,73,40,5.66,CV,1698036487
402,ciudad bolivar,8.1222,-63.5497,25.42,88,94,2.67,VE,1698036488
403,laguna,38.421,-121.4238,17.27,91,100,3.09,US,1698036488
404,sao jose da coroa grande,-8.8978,-35.1478,24.27,75,11,3.22,BR,1698036489
405,clinton,42.587,-82.9199,5.18,87,0,0.45,US,1698036369
406,pandan,14.0453,124.1694,28.08,79,100,2.65,PH,1698036490
407,pamanukan,-6.2842,107.8106,31.48,57,61,5.33,ID,1698036490
408,nizhnyaya omka,55.4338,74.9426,-0.97,85,79,8.15,RU,1698036491
409,coahuayana de hidalgo,18.7,-103.6583,23.77,90,88,1.43,MX,1698036491
410,kingman,35.1894,-114.053,22.71,17,0,5.14,US,1698036492
411,qui nhon,13.7667,109.2333,28.37,77,68,5.78,VN,1698036493
412,nuuk,64.1835,-51.7216,-2.66,63,5,4.63,GL,1698036494
413,mermoz boabab,14.7065,-17.4758,25.31,75,23,5.5,SN,1698036494
414,tolanaro,-25.0319,46.9987,23.04,88,20,3.09,MG,1698036495
415,ulaangom,49.9811,92.0667,8.37,56,56,2.62,MN,1698036495
416,nuriootpa,-34.4833,139.0,24.72,11,60,5.6,AU,1698036496
417,al wasitah,29.3378,31.2056,21.14,86,0,4.56,EG,1698036496
418,cockburn town,21.4612,-71.1419,29.01,73,2,5.22,TC,1698036497
419,sao vicente,-23.9631,-46.3919,23.1,26,99,1.32,BR,1698036333
420,taro,-8.3862,115.28,27.0,54,30,1.97,ID,1698036498
421,douz,33.4663,9.0203,22.73,36,0,3.36,TN,1698036499
422,jequitinhonha,-16.4339,-41.0033,21.75,93,98,0.95,BR,1698036499
423,mount pearl,47.5166,-52.7813,8.25,96,100,6.17,CA,1698036500
424,kerikeri,-35.2268,173.9474,18.84,78,68,1.34,NZ,1698036500
425,osakarovka,50.565,72.5692,-0.85,61,91,8.64,KZ,1698036501
426,irtyshsk,53.3333,75.4572,1.22,60,83,10.97,KZ,1698036501
427,timberlake,37.3207,-79.2575,7.71,84,0,1.54,US,1698036502
428,puerto aysen,-45.4,-72.7,5.74,94,0,1.03,CL,1698036502
429,enoch,37.7733,-113.0244,18.14,24,0,7.2,US,1698036503
430,ocna mures,46.3833,23.85,9.36,82,78,0.42,RO,1698036504
431,bamboo flat,11.7,92.7167,28.05,89,40,1.54,IN,1698036504
432,yanchep,-31.55,115.6833,22.79,42,99,6.67,AU,1698036505
433,fereydunshahr,32.941,50.121,10.68,28,43,2.18,IR,1698036505
434,hermanus,-34.4187,19.2345,17.05,75,99,2.55,ZA,1698036506
435,hulan ergi,47.2042,123.6333,17.97,22,0,5.69,CN,1698036506
436,fisterra,42.9049,-9.2629,13.34,82,100,1.98,ES,1698036507
437,arteche,12.2645,125.4048,29.65,70,96,2.07,PH,1698036507
438,zhaotong,27.3167,103.7167,16.0,69,99,1.03,CN,1698036508
439,rabaul,-4.1967,152.1721,28.37,76,97,2.69,PG,1698036508
440,midvagur,62.0511,-7.1939,7.46,87,75,6.69,FO,1698036509
441,inarajan village,13.2736,144.7484,31.54,85,90,7.37,GU,1698036510
442,mascotte,28.5783,-81.8867,21.0,88,100,1.99,US,1698036098
443,poltavka,54.3663,71.7632,0.03,76,62,8.74,RU,1698036511
444,nantucket,41.2835,-70.0995,11.06,65,100,5.66,US,1698036220
445,yangambi,0.8102,24.4336,21.5,99,85,0.29,CD,1698036512
446,kruisfontein,-34.0033,24.7314,12.66,73,100,2.47,ZA,1698036513
447,suoyarvi,62.0833,32.35,-2.47,86,97,1.64,RU,1698036513
448,matoury,4.8483,-52.3317,26.98,94,100,1.03,GF,1698036514
449,concepcion del oro,24.6333,-101.4167,17.7,67,89,3.34,MX,1698036514
450,laminusa,5.5549,120.9136,28.5,73,24,1.97,PH,1698036515
451,narvik,68.4384,17.4272,-6.33,79,6,3.63,NO,1698036516
452,jiagedaqi,50.4167,124.1167,13.34,29,0,3.45,CN,1698036516
453,lewiston orchards,46.3804,-116.9754,14.37,72,75,2.06,US,1698036353
454,ishigaki,24.3448,124.1572,29.07,61,20,7.2,JP,1698036518
455,binghamton,42.0987,-75.918,6.12,91,100,4.12,US,1698036349
456,kenai,60.5544,-151.2583,-3.97,58,0,0.0,US,1698036459
457,itoman,26.1247,127.6694,29.21,60,40,6.69,JP,1698036519
458,tomakomai,42.6369,141.6033,15.65,41,40,5.14,JP,1698036520
459,lat yao,15.751,99.7893,29.8,66,42,1.8,TH,1698036520
460,takoradi,4.8845,-1.7554,25.07,91,98,3.26,GH,1698036521
461,uliastay,47.7417,96.8444,10.07,31,60,1.58,MN,1698036522
462,muisne,0.6,-80.0333,25.16,82,99,2.04,EC,1698036522
463,terbanggi besar,-4.8667,105.2333,35.83,33,86,2.82,ID,1698036380
464,san antonio de pale,-1.4014,5.6325,25.89,83,95,6.58,GQ,1698036523
465,kuta,-8.7233,115.1723,30.97,74,20,3.6,ID,1698036524
466,berdigestyakh,62.0989,126.6992,-1.13,94,100,2.02,RU,1698036524
467,la passe,45.5549,-0.8967,12.13,79,100,4.21,FR,1698036525
468,bor,56.3567,44.0669,0.96,86,100,3.26,RU,1698036525
469,nova vicosa,-17.8919,-39.3719,22.95,79,99,4.15,BR,1698036526
470,touros,-5.1989,-35.4608,24.06,87,89,4.26,BR,1698036526
471,ploneour-lanvern,47.9,-4.2833,13.16,100,75,3.6,FR,1698036527
472,toktogul,41.8708,72.9402,13.13,68,100,1.92,KG,1698036528
473,talcahuano,-36.7167,-73.1167,10.82,76,20,5.66,CL,1698036261
474,qamdo,31.1667,97.2333,5.38,29,0,2.97,CN,1698036529
475,wuzhou,23.4833,111.3167,27.25,63,8,1.66,CN,1698036529
476,donetsk,48.0,37.8,12.44,90,60,3.61,UA,1698036530
477,lhokseumawe,5.1801,97.1507,28.91,73,96,2.84,ID,1698036530
478,sinan,34.8262,126.1086,20.06,57,2,2.57,KR,1698036531
479,mezhdurechenskiy,59.6,65.9333,-0.64,64,15,5.49,RU,1698036531
480,dok kham tai,19.1624,99.9934,29.88,57,30,0.97,TH,1698036532
481,camana,-16.6228,-72.7111,19.28,93,100,3.61,PE,1698036532
482,princeville,45.7668,-61.2985,9.17,96,100,3.09,CA,1698036533
483,kayangel,8.0823,134.7173,28.93,74,18,1.99,PW,1698036533
484,padang,-0.9492,100.3543,30.03,80,68,2.48,ID,1698036534
485,guerrero negro,27.9769,-114.0611,19.47,84,4,8.27,MX,1698036535
486,bardai,11.65,7.2333,21.17,24,12,4.03,NG,1698036535
487,naze,28.3667,129.4833,25.51,60,37,3.92,JP,1698036536
488,huruta,8.15,39.35,17.98,66,85,3.26,ET,1698036536
489,caluula,11.9661,50.7569,28.51,65,100,3.29,SO,1698036537
490,jamestown,42.097,-79.2353,5.77,87,75,3.6,US,1698036507
491,severo-yeniseyskiy,60.3725,93.0408,0.91,72,100,5.21,RU,1698036538
492,castelli,-25.9468,-60.6195,35.31,31,89,4.51,AR,1698036498
493,darwin,-12.4611,130.8418,32.99,55,20,7.2,AU,1698036539
494,jijiga,9.35,42.8,21.36,36,21,0.39,ET,1698036539
495,novaya igirma,57.1334,103.9112,6.55,41,75,4.26,RU,1698036540
496,fuerte olimpo,-21.0415,-57.8738,30.13,41,43,2.14,PY,1698036540
497,canelli,44.7215,8.2924,15.5,91,44,0.96,IT,1698036541
498,vylkove,45.4021,29.586,17.4,57,51,2.77,UA,1698036542
499,ouadda,8.0777,22.4007,21.1,77,17,1.34,CF,1698036543
500,birjand,32.8663,59.2211,17.26,27,0,5.14,IR,1698036543
501,ingeniero guillermo n. juarez,-23.9,-61.85,32.71,30,35,5.27,AR,1698036544
502,aykhal,66.0,111.5,-6.41,95,100,1.08,RU,1698036544
503,kuching,1.55,110.3333,32.12,62,40,2.06,MY,1698036545
504,carutapera,-1.195,-46.02,25.97,85,38,3.3,BR,1698036545
505,nouadhibou,20.931,-17.0347,22.5,88,0,6.56,MR,1698036546
506,ad dilam,23.9915,47.1627,25.23,38,0,0.8,SA,1698036547
507,velikiye luki,56.34,30.5452,5.63,98,100,2.68,RU,1698036547
508,guiren,33.6697,118.1889,23.12,29,6,2.25,CN,1698036548
509,fort wellington,6.4,-57.6,26.15,89,92,2.8,GY,1698036548
510,port hedland,-20.3167,118.5667,33.03,62,38,5.66,AU,1698036541
511,salahonda,2.1019,-78.7217,26.23,81,82,2.73,CO,1698036549
512,al hazm,16.1641,44.7769,24.14,27,26,2.82,YE,1698036550
513,gaspe,48.8334,-64.4819,7.95,65,75,2.57,CA,1698036550
514,yelwa,8.8333,9.6333,24.09,66,100,1.9,NG,1698036551
515,i-n-salah,27.1935,2.4607,27.04,25,3,3.56,DZ,1698036551
516,kimbe,-5.5502,150.1429,28.07,83,95,2.4,PG,1698036552
517,mahajanga,-15.7167,46.3167,29.01,74,20,1.03,MG,1698036553
518,astrakhan,46.3497,48.0408,4.93,87,0,3.0,RU,1698036553
519,red hill,33.9996,-79.2581,12.92,55,0,3.22,US,1698036554
520,salumbar,24.1333,74.05,30.31,31,0,2.45,IN,1698036554
521,aberdeen,57.1437,-2.0981,-0.73,100,46,1.03,GB,1698036555
522,darhan,49.4867,105.9228,10.07,52,39,5.12,MN,1698036555
523,cam ranh,11.9214,109.1591,30.98,70,20,4.12,VN,1698036556
524,bonthe,7.5264,-12.505,25.57,86,99,1.31,SL,1698036557
525,bechar,31.6167,-2.2167,19.18,45,0,4.12,DZ,1698036557
526,buka,40.8108,69.1986,17.64,45,100,1.4,UZ,1698036558
527,poso,-1.3959,120.7524,31.61,58,12,3.28,ID,1698036558
528,parauapebas,-6.0675,-49.9022,24.41,80,49,1.2,BR,1698036545
529,sofiyivka,48.0493,33.8746,14.77,78,38,3.11,UA,1698036559
530,kiunga,-6.1219,141.2906,33.63,38,88,2.01,PG,1698036560
531,riosucio,5.4216,-75.7032,15.56,98,84,0.65,CO,1698036560
532,saint-joseph,-21.3667,55.6167,27.48,70,20,2.11,RE,1698036561
533,kota kinabalu,5.9749,116.0724,31.99,74,20,2.24,MY,1698036422
534,caleta de carquin,-11.0925,-77.6267,19.75,91,86,5.28,PE,1698036562
535,whitecourt,54.1502,-115.6855,-2.42,86,100,3.6,CA,1698036563
536,tamandare,-8.7597,-35.1047,24.1,76,13,2.99,BR,1698036563
537,usinsk,65.9939,57.5281,-1.74,95,100,8.28,RU,1698036564
538,gebeit,21.0667,36.3167,25.5,53,0,2.79,SD,1698036565
539,turbat,26.0023,63.044,29.59,46,2,1.83,PK,1698036565
540,mahibadhoo,3.7833,72.9667,27.02,77,100,3.53,MV,1698036566
541,naliya,23.2667,68.8333,31.11,40,0,3.25,IN,1698036566
542,fuqing,25.725,119.3794,23.87,84,100,2.69,CN,1698036567
543,wiesmoor,53.4167,7.7333,5.49,100,20,1.03,DE,1698036567
544,bandarbeyla,9.4942,50.8122,28.55,71,99,3.92,SO,1698036568
545,gisborne,-38.6533,178.0042,13.39,56,1,2.8,NZ,1698036464
546,santarem,-2.4431,-54.7083,29.07,89,0,2.57,BR,1698036472
547,antsiranana,-12.2787,49.2917,27.75,55,46,7.88,MG,1698036570
548,socorro,31.6546,-106.3033,24.66,32,40,3.09,US,1698036571
549,san rafael,-34.6177,-68.3301,17.0,70,87,2.56,AR,1698036571
550,port kembla,-34.4667,150.9,31.26,49,7,4.0,AU,1698036572
551,qianjiang,30.4151,112.8859,25.87,29,0,2.11,CN,1698036572
552,wynyard,-41.0,145.7167,18.82,52,11,4.5,AU,1698036573
553,craig,40.5153,-107.5464,9.79,52,0,0.0,US,1698036573
554,silifke,36.3778,33.9344,25.21,39,49,3.18,TR,1698036574
555,"laikit, laikit ii (dimembe)",1.4792,124.9735,29.47,66,40,3.09,ID,1698036574
556,imbituba,-28.24,-48.6703,21.59,92,93,4.59,BR,1698036575
557,labytnangi,66.6572,66.4183,-4.4,86,100,2.87,RU,1698036576
558,sittwe,20.15,92.9,28.48,70,82,2.15,MM,1698036576
559,birao,10.2849,22.7882,22.77,45,26,2.18,CF,1698036577
560,lorengau,-2.0226,147.2712,29.87,69,85,4.02,PG,1698036577
561,twon-brass,4.3151,6.2418,25.44,87,100,3.03,NG,1698036578
562,faya-largeau,17.9257,19.1043,23.15,16,6,7.62,TD,1698036578
563,tongchuanshi,35.0806,109.0897,19.35,49,43,2.65,CN,1698036579
564,baardheere,2.3446,42.2764,26.45,71,8,4.1,SO,1698036580
565,guajara mirim,-10.7828,-65.3394,26.08,45,37,0.27,BR,1698036580
566,muromtsevo,56.3724,75.2418,-1.37,85,60,6.27,RU,1698036581
567,kalmunai,7.4167,81.8167,27.01,73,99,2.45,LK,1698036582
568,argayash,55.4888,60.8767,-0.17,70,97,6.54,RU,1698036582
569,calama,-22.4667,-68.9333,13.27,33,0,2.57,CL,1698036248
570,gamba,-2.65,10.0,23.98,95,100,3.34,GA,1698036583
571,kapa'a,22.0752,-159.319,26.99,84,100,6.69,US,1698036584
572,sv. ana v slov. goricah,46.6492,15.8442,6.93,79,17,0.99,SI,1698036584
573,kishanganj,26.1167,87.9333,27.48,53,17,2.34,IN,1698036585
574,arkansas city,37.062,-97.0384,21.08,64,0,5.14,US,1698036585
575,la roda,39.2167,-2.15,13.85,75,100,8.66,ES,1698036586
576,kailua-kona,19.6406,-155.9956,26.98,82,75,3.09,US,1698036586
577,sola,-13.8833,167.55,26.37,89,100,12.86,VU,1698036587
578,holualoa,19.6228,-155.9522,24.91,82,75,3.09,US,1698036588
579,emerald,-23.5333,148.1667,38.52,13,30,1.97,AU,1698036588
580,lata,40.1629,-8.3327,13.37,95,100,0.73,PT,1698036589
581,nizhneangarsk,55.7833,109.55,1.39,57,59,2.17,RU,1698036589
